Class,AdjacentClasses
COMP 123,COMP 364;COMP 320;COMP 365;MATH 365;MATH 465;COMP 127;MATH 432;COMP 479;MATH 479
COMP 364,
COMP 320,
COMP 127,COMP 302;COMP 325;COMP 365;MATH 365;COMP 225;COMP 240;COMP 321;COMP 435;COMP 128
COMP 128,COMP 435;COMP 221;COMP 361;MATH 361;COMP 365;MATH 365;COMP 381;COMP 321
COMP 302,
COMP 325,
COMP 435,
COMP 221,COMP 361;MATH 361;COMP 480;COMP 484;COMP 440;COMP 445
COMP 225,COMP 446
COMP 240,COMP 445;COMP 342;COMP 487;COMP 465
COMP 381,
COMP 321,
COMP 361,
MATH 361,
COMP 365,MATH 471
MATH 365,MATH 471
COMP 480,
COMP 484,
COMP 440,
COMP 445,
COMP 446,
COMP 342,
COMP 487,
COMP 465,
MATH 471,
MATH 375,MATH 471;COMP 479;MATH 479
MATH 379,COMP 479;MATH 479;MATH 471
MATH 476,
MATH 376,MATH 471;MATH 476
MATH 279,MATH 379;COMP 221;COMP 361;COMP 479;MATH 479;MATH 212;MATH 236;MATH 313;PHIL 313;MATH 361;MATH 375;MATH 376;MATH 377
MATH 135,COMP 365;MATH 365;MATH 137
MATH 236,COMP 365;MATH 365;COMP 479;MATH 479;MATH 312;MATH 355;STAT 355;COMP 365;MATH 365;MATH 376;MATH 377;MATH 378;MATH 437;MATH 465;MATH 471;MATH 477
MATH 137,COMP 340;PHYS 340;COMP 365;MATH 365;MATH 236;MATH 237;MATH 354;STAT 354;MATH 377
MATH 312,MATH 432
MATH 378,MATH 471
MATH 237,COMP 365;MATH 365;MATH 312;MATH 354;STAT 354;MATH 377;MATH 378
MATH 432,
MATH 313,
PHIL 313,
MATH 377,MATH 471;MATH 477
MATH 477,
MATH 354,COMP 479;MATH 479;MATH 355;STAT 355;STAT 452;STAT 453;STAT 454
STAT 354,COMP 479;MATH 479;MATH 355;STAT 355;STAT 452;STAT 453;STAT 454
COMP 479,
MATH 479,
MATH 355,
STAT 355,
STAT 454,
STAT 451,
STAT 453,
STAT 452,
COMP 112,COMP 212
COMP 456,
STAT 253,COMP 456
STAT 155,COMP 212;STAT 212;MATH 236;MATH 355;STAT 355;STAT 202;STAT 253;STAT 451;STAT 452;STAT 453;STAT 454